stat,value
sens,0.543859649122807
spec,0.9236417033773862
ppv,0.5210084033613446
npv,0.9169096209912536
acc,0.86375
f1,0.5321888412017167
